player,key
Al-Ghareeb M.,al_ghareeb_m
Al Khulaifi N.G.,al_khulaifi_n
Al-Alawi S.K.,al_alawi_s
Albert M.,albert_m
Ali Mutawa J.M.,ali_mutawa_j
Alvarez E.,alvarez_e
Alvarez Valdes L.C.,alvarez_valdes_l
Ancic I.,ancic_i
Aranguren J.M.,aranguren_j
Ascione A.,ascione_a
Awadhy O.,awadhy_o
Bachelot J.F,bachelot_j
Bahrouzyan O.,bahrouzyan_o
Bailly G.A.,bailly_g
Barrios M.,barrios_m
Barrios Vera M.T.,barrios_vera_m
Bautista R. ,bautista_r
Benneteau A.,benneteau_a
Bogomolov A.,bogomolov_a
Boitan G.A.,boitan_g
Brzezicki J.P.,brzezicki_j
Burrieza O.,burrieza_o
Burruchaga R.,burruchaga_r
Cabal J.S.,cabal_j
Cerundolo J.M.,cerundolo_j
Chekov P.,chekov_p
Chela J.I.,chela_j
Chung Y.,chung_y
De Heart R.,de_heart_r
Deen Heshaam A.,deen_heshaam_a
Del Bonis F.,del_bonis_f
Del Potro J.M.,del_potro_j
Del Potro J. M.,del_potro_j._m
Dev Varman S.,dev_varman_s
Do M.Q.,do_m
Dolgopolov O.,dolgopolov_o
Duclos P.L.,duclos_p
Dutra Da Silva R.,dutra_da_silva_r
Estrella V.,estrella_v
Etcheverry T.,etcheverry_t
Etcheverry T. M.,etcheverry_t._m
Faurel J.C.,faurel_j
Ferrero J.C. ,ferrero_j
Ficovich J.P.,ficovich_j
Fish A.,fish_a
Fornell M.,fornell_m
Fruttero J.P.,fruttero_j
Galan D.E.,galan_d
Gallardo M.,gallardo_m
Gambill J. M.,gambill_j._m
Gambill J.M.,gambill_j
Gard C.,gard_c
Gimeno D.,gimeno_d
Goellner M.K.,goellner_m
Gomez F.A.,gomez_f
Gong M.X.,gong_m
Granollers-Pujol G.,granollers_pujol_g
Granollers-Pujol M.,granollers_pujol_m
Gruber K.,gruber_k
Guccione A.,guccione_a
Guzman J.P.,guzman_j
Haider-Mauer A.,haider_mauer_a
Haji A.,haji_a
Hantschek M.,hantschek_m
Herbert P.H.,herbert_p
Hsu Y.,hsu_y
Huesler M.A.,huesler_m
Im K.T.,im_k
Jeong S.Y.,jeong_s
Jianu F.C.,jianu_f
Jun W.S.,jun_w
Kucera V.,kucera_v
Kunitcin I.,kunitcin_i
Kutac R.,kutac_r
Kwiatkowski T.S.,kwiatkowski_t
Lee H.T.,lee_h
Lin J.M.,lin_j
Lisnard J.R.,lisnard_j
Londero J.I.,londero_j
Lopez-Jaen M.A.,lopez_jaen_m
Lu Y.H.,lu_y
Luncanu P.A.,luncanu_p
Luque D.,luque_d
Madaras D.,madaras_d
March O.,march_o
Marin J.A.,marin_j
Marin L.,marin_l
Mathieu P.H. ,mathieu_p
Matsukevitch D.,matsukevitch_d
Meligeni Rodrigues F,meligeni_rodrigues_f
Merida Aguilar D.,merida_aguilar_d
Miguel L.,miguel_l
Mo Y.,mo_y
Monteiro J.,monteiro_j
Moroni G.M.,moroni_g
Mpetshi G.,mpetshi_g
Mukund S.,mukund_s
Nadal-Parera R.,nadal_parera_r
Nader M.,nader_m
Nam H.W.,nam_h
Navarro-Pastor I.,navarro_pastor_i
Nedovyesov O.,nedovyesov_o
O Connell C.,o_connell_c
Olivieri G.,olivieri_g
Podlipnik H.,podlipnik_h
Prado Angelo J.C.,prado_angelo_j
Prashanth V.,prashanth_v
Prpic A.,prpic_a
Querry S.,querry_s
Qureshi A.U.H.,qureshi_a
Ramos A.,ramos_a
Rascon T.,rascon_t
Rehberg M.,rehberg_m
Reis Da Silva J.,reis_da_silva_j
Riba-Madrid P.,riba_madrid_p
Robredo R.,robredo_r
Ruevski P.,ruevski_p
Salva B.,salva_b
Sanchez de Luna J.A.,sanchez_de_luna_j
Scherrer J.C.,scherrer_j
Schuettler P.,schuettler_p
Schuttler P.,schuttler_p
Si Y.M.,si_y
Silva D.,silva_d
Silva F.F.,silva_f
Smith J.P.,smith_j
Statham J.,statham_j
Stebe C.M.,stebe_c
Stepanek M.,stepanek_m
Struff J.L.,struff_j
Sultan-Khalfan A.,sultan_khalfan_a
Tirante T. A.,tirante_t._a
Tirante T.A.,tirante_t
Trujillo G.,trujillo_g
Tseng C. H.,tseng_c._h
Tseng C.H.,tseng_c
Tsonga J.W. ,tsonga_j
Turcanu R.D.,turcanu_r
Tyurnev E.,tyurnev_e
Van D. Merwe I.,van_d._merwe_i
Van der Dium A.,van_der_dium_a
Varillas J. P.,varillas_j._p
Varillas J.P.,varillas_j
Verdasco M.,verdasco_m
Vicente M.,vicente_m
Viloca J.A.,viloca_j
Wang Y.T.,wang_y
Wu T.L.,wu_t
Xu J.C.,xu_j
Yang T.H.,yang_t
Yoon Y.,yoon_y
Youzhny A.,youzhny_a
Yu X.Y.,yu_x
Zayed M. S.,zayed_m._s
Zayed M.S.,zayed_m
Zayid M.S.,zayid_m
Zayid M. S.,zayid_m._s
Zeng S.X.,zeng_s
Zhu B.Q.,zhu_b
