tennis_data_tournament,tml_tournament,overlap,td_matches
Australian Open,Australian Open,2865,3287
French Open,Roland Garros,2801,3285
US Open,US Open,2742,3157
Wimbledon,Wimbledon,2724,3159
BNP Paribas Open,Indian Wells Masters,1393,1605
Western & Southern Financial Group Masters,Cincinnati Masters,1146,1335
Monte Carlo Masters,Monte Carlo Masters,1130,1418
Internazionali BNL d'Italia,Rome Masters,1073,1251
Sony Ericsson Open,Miami Masters,1046,1228
Mutua Madrid Open,Madrid Masters,793,920
BNP Paribas Masters,Paris Masters,737,846
Abierto Mexicano,Acapulco,703,804
ABN AMRO World Tennis Tournament,Rotterdam,687,801
Shanghai Masters,Shanghai Masters,666,877
Rogers Masters,Canada Masters,657,769
BMW Open,Munich,627,725
Hall of Fame Championships,Newport,626,673
Qatar Exxon Mobil Open,Doha,619,715
Mercedes Cup,Stuttgart,591,682
U.S. Men's Clay Court Championships,Houston,570,629
Dubai Tennis Championships,Dubai,564,662
Citi Open,Washington,562,622
Stockholm Open,Stockholm,545,603
St. Petersburg Open,St. Petersburg,537,593
Open 13,Marseille,534,637
Open de Moselle,Metz,519,618
Pacific Life Open,Indian Wells Masters,519,601
Miami Open,Miami Masters,507,566
Generali Open,Kitzbuhel,501,603
Kremlin Cup,Moscow,499,567
Winston-Salem Open at Wake Forest University,Winston-Salem,493,648
Gerry Weber Open,Halle,483,544
Swiss Indoors,Basel,477,556
China Open,Beijing,468,572
Legg Mason Classic,Washington,453,501
Hamburg TMS,Hamburg Masters,423,488
NASDAQ-100 Open,Miami Masters,423,475
Croatia Open,Umag,409,460
AEGON Championships,Queen's Club,384,453
Grand Prix Hassan II,Casablanca,383,690
Estoril Open,Estoril,381,441
Open Sud de France,Montpellier,367,432
Heineken Open,Auckland,366,530
Canadian Open,Canada Masters,365,401
Brisbane International,Brisbane,353,405
Open Banco Sabadell,Barcelona,342,398
Delray Beach Open,Delray Beach,341,379
Open Seat Godo,Barcelona,329,385
Rakuten Japan Open Tennis Championships,Tokyo,329,371
Stella Artois,Queen's Club,328,385
BNP Paribas,Paris Masters,326,376
Chennai Open,Chennai,299,345
International Championships,Delray Beach,293,341
Madrid Masters,Madrid Masters,277,329
Thailand Open,Bangkok,275,317
PBZ Zagreb Indoors,Zagreb,274,290
Geneva Open,Geneva,272,288
RCA Championships,Indianapolis,271,298
Argentina Open,Buenos Aires,268,324
Open Romania,Bucharest,261,302
Pilot Pen Tennis,New Haven,259,282
Brasil Open,Costa do Sauipe,255,552
Japan Open,Tokyo,254,298
Erste Bank Open,Vienna,245,294
Allianz Suisse Open,Gstaad,245,271
Grand Prix de Lyon,Lyon,239,279
Suisse Open Gstaad,Gstaad,237,295
SAP Open,San Jose,236,270
SkiStar Swedish Open,Bastad,232,266
Barcelona Open,Barcelona,225,248
BB&T Atlanta Open,Atlanta,219,241
Regions Morgan Keegan Championships,Memphis,216,248
European Open,Antwerp,208,382
Queen's Club Championships,Queen's Club,202,217
Idea Prokom Open,Sopot,198,217
Ordina Open,'s-Hertogenbosch,194,248
ASB Classic,Auckland,190,243
Halle Open,Halle,187,213
AEGON International,Eastbourne,178,200
Telecom Italia Masters Roma,Rome Masters,176,189
Eastbourne International,Eastbourne,168,185
Campionati Internazionali Di Sicilia,Palermo,166,186
Valencia Open 500,Valencia,165,213
Open de Nice Côte d’Azur,Nice,165,189
Rio Open,Rio De Janeiro,164,368
Chengdu Open,Chengdu,162,189
Lyon Open,Lyon,160,188
Mallorca Championships,Mallorca,155,162
BA-CA Tennis Trophy,Vienna,152,182
Rosmalen Grass Court Championships,'s-Hertogenbosch,150,159
Vienna Open,Vienna,149,154
German Open Tennis Championships,Hamburg,145,172
Internationaler Raiffeisen Grand Prix,St. Poelten,145,155
Swedish Open,Bastad,145,155
Nottingham Open,Nottingham,143,155
Nordea Open,Bastad,142,162
Bellsouth Open,Vina del Mar,142,155
Masters Cup,Tour Finals,141,375
Chile Open,Santiago,136,189
German Tennis Championships,Hamburg,136,153
Mutua Madrileña Madrid Open,Madrid Masters,135,165
Davidoff Swiss Indoors,Basel,134,155
Apia International,Sydney,133,157
TATA Open,Chennai,133,155
Dallas Open,Dallas,133,143
Open Banco Sabadell ,Barcelona,133,141
Serbia Open,Belgrade,132,162
Mercedes-Benz Cup,Los Angeles,131,153
Medibank International,Sydney,127,143
BRD Nastase Tiriac Trophy,Bucharest,127,135
Malaysian Open,Kuala Lumpur,123,135
Los Cabos Open,Los Cabos,123,134
Kroger St. Jude,Memphis,119,140
AAPT Championships,Adelaide,118,124
Copa Telmex,Buenos Aires,116,155
CA Tennis Trophy,Vienna,116,124
Sofia Open,Sofia,115,135
Rome TMS,Rome Masters,115,126
Shenzhen Open,Shenzhen,115,126
Toronto TMS,Canada Masters,114,126
Franklin Templeton Tennis Classic,Scottsdale,111,124
Montreal TMS,Canada Masters,110,126
Dubai Championships,Dubai,109,124
Cincinnati TMS,Cincinnati Masters,108,126
Cordoba Open,Cordoba,107,162
Open de Tenis Comunidad Valenciana,Valencia,107,124
Istanbul Open,Istanbul,106,107
Sydney International,Sydney,105,116
Antalya Open,Antalya,105,112
Maharashtra Open,Pune,102,108
Millennium Estoril Open,Estoril,101,108
Movistar Open,Vina del Mar,100,182
adidas International,Sydney,100,124
Ecuador Open,Quito,100,108
Topshelf Open,'s-Hertogenbosch,97,114
Bet-At-Home Cup,Kitzbuhel,97,107
Copa Claro,Buenos Aires,95,122
Austrian Open,Kitzbuhel,91,109
Copenhagen Open,Copenhagen,89,93
TD Waterhouse Cup,Long Island,87,109
Japan Open Tennis Championships,Tokyo,87,91
Hypo Group Tennis International,Poertschach,86,93
Channel Open,Las Vegas,85,124
Studena Croatia Open,Umag,85,112
Ericsson Open,Miami Masters,84,95
Priority Telecom Dutch Open,Amersfoort,84,93
Catella Swedish Open,Bastad,84,85
AEGON Open,Nottingham,83,94
Unicef Open,'s-Hertogenbosch,83,89
Copa AT&T,Buenos Aires,82,93
Stuttgart Open,Stuttgart,81,106
SA Tennis Open,Johannesburg,81,93
Countrywide Classic,Los Angeles,80,89
Dutch Open,Amersfoort,79,120
Atlanta Open,Atlanta,79,81
Next Generation Adelaide International,Adelaide,78,93
Abierto Mexicano Mifel,Los Cabos,77,108
Indianapolis Tennis Championships,Indianapolis,77,93
Nordic Open,Stockholm,76,81
Memphis Open,Memphis,75,81
Garanti Koza Sofia Open,Sofia,74,80
Claro Open Colombia,Bogota,73,79
bet-at-home Open,Hamburg,73,78
Adelaide International,Adelaide,72,107
Farmers Classic,Los Angeles,72,81
AIG Japan Open Tennis Championships,Tokyo,71,94
Hong Kong Tennis Open,Hong Kong,71,81
Millenium Estoril Open,Estoril,70,81
ATP Vegeta Croatia Open,Umag,70,78
Crédit Agricole Suisse Open Gstaad,Gstaad,69,79
Tiriac Open,Bucharest,65,81
President's Cup,Tashkent,62,62
Campionati Internazional d'Italia,Rome Masters,60,63
Qatar Open,Doha,60,62
Indian Wells TMS,Indian Wells Masters,57,63
Marseille Open,Marseille,56,62
Milan Indoors,Milan,56,62
Astana Open,Astana,54,110
New York Open,New York,54,81
Rogers Cup,Canada Masters,54,63
Adelaide International 1,Adelaide-1,54,58
Murray River Open,Murray River Open,54,55
CAM Open Comunidad Valenciana,Valencia,53,62
Mallorca Open,Mallorca,53,62
Kingfisher Airlines Tennis Open,Mumbai,52,62
Siebel Open,San Jose,51,62
Sybase Open,San Jose,51,62
Ricoh Open,'s-Hertogenbosch,51,54
Gstaad Open,Gstaad,50,62
Hamburg Open,Hamburg,50,62
Konzum Croatia Open,Umag,50,54
Citrix Tennis Championships,Delray Beach,49,62
Adelaide International 2,Adelaide-2,49,54
Almaty Open,Almaty,49,53
Atlanta Tennis Championships,Atlanta,48,54
Belgrade Open,Belgrade,48,54
Proton Malaysian Open,Kuala Lumpur,48,54
Salem Open,Hong Kong,47,62
Great Ocean Road Open,Great Ocean Road Open,47,55
Queens Club,Queen's Club,47,55
Gazprom Hungarian Open,Budapest,47,51
Open Sabadell Atlántico 2008,Barcelona,46,55
U.S. National Indoor Tennis Championships,Memphis,45,55
San Diego Open,San Diego,45,54
Stuttgart TMS,Stuttgart Masters,45,47
VTR Open,Vina del Mar,44,53
Hangzhou Open,Hangzhou,44,47
International German Open,Hamburg,38,47
U.S.Men's Clay Court Championships,Houston,37,52
Breil ATP,Milan,31,31
Heineken Trophy,'s-Hertogenbosch,31,31
Indesit ATP Milano Indoor ,Milan,31,31
Internazionali di Lombardia,Milan,31,31
Orange Prokom Open,Warsaw,31,31
Hamlet Cup,Long Island,29,31
Slazenger Open,Nottingham,29,31
Portugal Open,Estoril,28,53
ATP Buenos Aires 2004,Buenos Aires,28,31
ATP Buenos Aires 2005,Buenos Aires,28,31
Gelsor Open,Bucharest,28,31
Red Letter Days Open,Nottingham,28,31
Verizon Tennis Challenge,Atlanta,28,31
Forte Village Sardegna Open,Sardinia,27,27
Gijon Open,Gijon,27,27
Mifel Open,Los Cabos,27,27
Energis Open,Amersfoort,26,31
Next Generation Hardcourts,Adelaide,26,31
Vietnam Open,Ho Chi Minh City,26,31
AnyTech365 Andalucia Open,Marbella,26,27
Dusseldorf Open,Dusseldorf,26,27
LA Tennis Open,Los Angeles,26,27
Melbourne Summer Set,Melbourne,26,27
Sydney Tennis Classic,Sydney,26,27
Viking International,Eastbourne,26,27
Synsam Swedish Open,Bastad,25,31
Emilia-Romagna Open,Parma,25,27
Power Horse Cup,Dusseldorf,25,27
Royal Guard Open Chile,Vina del Mar,25,27
Singapore Open,Singapore,25,27
Srpska Open,Banja Luka,25,27
Tel Aviv Open,Tel Aviv,25,27
bett1HULKS Indoors,Cologne 1,25,27
Firenze Open,Florence,25,26
Dubai Duty Free Men's Open,Dubai,24,31
The Nottingham Open,Nottingham,24,31
Hellenic Championship,Athens,24,27
Tata Open,Pune,24,27
Zhuhai Open,Zhuhai,24,24
Hungarian Open,Budapest,23,27
Korea Open,Seoul,23,27
Sardegna Open,Cagliari,23,27
bett1HULKS Championship,Cologne 2,23,27
Colombia Open,Bogota,21,31
Napoli Cup,Naples,21,24
Zhuhai Championships,Zhuhai,20,26
