tourney_id,tourney_name,surface,draw_size,tourney_level,indoor,tourney_date,match_num,winner_id,winner_seed,winner_entry,winner_name,winner_hand,winner_ht,winner_ioc,winner_age,winner_rank,winner_rank_points,loser_id,loser_seed,loser_entry,loser_name,loser_hand,loser_ht,loser_ioc,loser_age,loser_rank,loser_rank_points,score,best_of,round,minutes,w_ace,w_df,w_svpt,w_1stIn,w_1stWon,w_2ndWon,w_SvGms,w_bpSaved,w_bpFaced,l_ace,l_df,l_svpt,l_1stIn,l_1stWon,l_2ndWon,l_SvGms,l_bpSaved,l_bpFaced
2026-421,Canada Masters,Hard,96,M,O,20260802,1,MU94,,,Jaume Munar,R,183,ESP,29.243,43,1050,H0BH,,,Rinky Hijikata,R,178,AUS,25.437,93,677,7-6(3) 6-3,3,R128,221,4,2,73,48,33,12,11,6,9,2,2,57,34,22,9,10,1,5
2026-421,Canada Masters,Hard,96,M,O,20260802,2,S0RE,,PR,Juncheng Shang,L,180,CHN,21.495,270,205,V0DP,,,Adolfo Daniel Vallejo,R,183,PAR,22.261,65,918,6-3 6-3,3,R128,81,1,2,42,27,22,11,9,0,1,4,5,73,35,23,16,9,3,7
2026-421,Canada Masters,Hard,96,M,O,20260804,3,KI82,,,Vit Kopriva,R,178,CZE,29.136,125,478,GK06,,WC,Alexis Galarneau,R,180,CAN,27.425,200,288,6-4 6-4,3,R128,104,2,4,63,38,28,11,10,2,4,2,4,67,31,17,20,10,6,10
2026-421,Canada Masters,Hard,96,M,O,20260804,4,D994,,,James Duckworth,R,183,AUS,34.535,94,624,O483,,Q,Christopher O'Connell,R,183,AUS,32.17,64,795,6-3 6-1,3,R128,72,6,3,49,28,23,13,8,5,5,3,1,48,24,15,10,8,3,7
2026-421,Canada Masters,Hard,96,M,O,20260804,5,D0DW,,Q,Titouan Droguet,R,191,FRA,25.136,185,314,V0DZ,,,Luca Van Assche,R,178,FRA,22.231,129,471,6-4 2-6 7-6(7),3,R128,182,9,4,102,61,43,21,15,1,5,3,6,108,71,50,16,15,6,9
2026-421,Canada Masters,Hard,96,M,O,20260804,6,M0AW,,Q,Nicolas Mejia,R,183,COL,26.478,223,260,L0IL,,,Martin Landaluce,R,193,ESP,20.569,143,414,4-6 6-4 6-3,3,R128,158,1,3,83,45,32,20,15,2,5,6,10,99,51,37,21,14,12,16
2026-421,Canada Masters,Hard,96,M,O,20260804,7,N0BS,,,Mariano Navone,R,178,ARG,25.432,46,1148,BK40,,,Matteo Berrettini,R,196,ITA,30.311,35,1380,6-3 6-7(5) 6-3,3,R128,183,1,2,125,87,58,22,16,11,12,4,2,85,55,39,17,14,2,5
2026-421,Canada Masters,Hard,96,M,O,20260804,8,BT72,,,Nuno Borges,R,185,POR,29.454,36,1370,K0AZ,,,Aleksandar Kovacevic,R,183,USA,27.932,108,547,6-7(7) 6-2 6-4,3,R128,147,16,4,93,63,49,18,15,4,5,4,7,105,50,37,26,15,4,8
2026-421,Canada Masters,Hard,96,M,O,20260804,9,H997,,,Yannick Hanfmann,R,193,GER,34.724,98,615,BM95,,Q,Benjamin Bonzi,R,183,FRA,30.152,70,762,6-1 4-6 6-2,3,R128,120,7,2,87,47,29,25,13,5,8,9,8,86,57,33,10,12,3,9
2026-421,Canada Masters,Hard,96,M,O,20260804,10,KI95,,,Miomir Kecmanovic,R,183,SRB,26.927,55,1021,Z0BZ,,Q,Michael Zheng,R,188,USA,22.519,754,32,6-4 4-6 7-6(5),3,R128,166,5,8,128,80,54,20,16,11,15,7,6,110,67,48,19,16,4,8
2026-421,Canada Masters,Hard,96,M,O,20260804,11,M0QI,,,Alex Michelsen,R,193,USA,21.941,41,1245,SL28,,,Jan-Lennard Struff,R,193,GER,36.277,42,1225,6-1 3-6 6-1,3,R128,86,4,3,68,43,34,14,12,0,1,6,1,61,35,23,12,11,2,6
2026-421,Canada Masters,Hard,96,M,O,20260804,12,C977,,,Marin Cilic,R,198,CRO,37.848,182,323,SY67,,Q,Sho Shimabukuro,R,180,JPN,29.013,194,303,7-6(2) 6-1,3,R128,92,2,2,58,30,24,20,9,4,4,6,0,59,33,23,12,10,1,4
2026-421,Canada Masters,Hard,96,M,O,20260804,13,D0F6,,WC,Gabriel Diallo,R,203,CAN,24.86,87,646,J0AZ,,Q,Kyrian Jacquet,R,175,FRA,25.232,270,197,6-7(1) 6-3 6-2,3,R128,125,5,2,87,57,44,18,15,0,0,2,4,83,45,33,19,14,2,5
2026-421,Canada Masters,Hard,96,M,O,20260804,14,MW02,,,Corentin Moutet,L,180,FRA,27.294,69,772,F724,,,Marton Fucsovics,R,188,HUN,34.486,100,611,6-1 6-2,3,R128,65,2,0,37,22,17,12,7,1,1,1,8,46,21,13,8,8,3,8
2026-421,Canada Masters,Hard,96,M,O,20260804,15,N771,,,Cameron Norrie,L,188,GBR,30.949,48,1124,U182,,,Camilo Ugo Carabelli,R,185,ARG,27.132,95,624,7-6(5) 6-4,3,R128,119,7,3,72,42,29,18,11,0,2,5,2,78,43,31,14,11,1,4
2026-421,Canada Masters,Hard,96,M,O,20260804,16,AE14,,,Daniel Altmaier,R,188,GER,27.893,93,625,V832,,Q,Aleksandar Vukic,R,188,AUS,30.327,67,778,6-7(2) 7-6(5) 6-4,3,R128,179,11,7,122,70,48,29,17,9,12,6,3,123,68,50,25,17,4,8
2026-421,Canada Masters,Hard,96,M,O,20260804,17,MC65,,WC,Gael Monfils,R,193,FRA,39.923,52,1030,MQ75,,,Kamil Majchrzak,R,183,POL,30.557,117,506,6-4 6-4,3,R128,98,8,6,69,31,26,16,10,3,5,1,3,70,38,19,19,10,5,9
2026-421,Canada Masters,Hard,96,M,O,20260804,18,T0A1,,,Thiago Agustin Tirante,R,185,ARG,25.317,115,515,C0OF,,Q,Duncan Chan,R,183,CAN,21.016,1789,1,6-3 1-6 7-6(3),3,R128,121,5,6,76,36,28,22,14,3,6,6,6,93,58,40,21,14,3,5
2026-421,Canada Masters,Hard,96,M,O,20260804,19,B0BI,,,Sebastian Baez,R,170,ARG,25.599,28,1690,B0GG,,,Mattia Bellucci,L,175,ITA,25.175,101,605,7-5 6-3,3,R128,80,2,4,67,39,30,17,11,5,6,6,6,62,37,29,8,10,4,7
2026-421,Canada Masters,Hard,96,M,O,20260804,20,B0CD,,,Jenson Brooksby,R,193,USA,25.771,1091,10,W09E,,Q,Adam Walton,R,183,AUS,27.299,91,636,6-3 6-4,3,R128,88,6,0,67,46,33,14,10,3,3,1,3,50,25,19,12,9,0,2
2026-421,Canada Masters,Hard,96,M,O,20260804,21,HB71,,PR,Hubert Hurkacz,R,196,POL,29.476,18,2555,GC88,,Q,Marcos Giron,R,180,USA,33.029,45,1150,7-5 4-6 6-2,3,R128,113,16,5,73,50,45,14,15,2,3,2,3,88,46,30,25,15,2,5
2026-421,Canada Masters,Hard,96,M,O,20260804,22,TE51,,Q,Stefanos Tsitsipas,R,193,GRE,27.978,11,3195,D0DT,,Q,Martin Damm,L,203,USA,,326,153,6-4 6-4,3,R128,88,9,5,62,38,31,8,10,1,3,6,3,68,42,24,13,10,4,8
2026-421,Canada Masters,Hard,96,M,O,20260804,23,B0PG,27,,Alexander Blockx,R,193,BEL,21.322,205,280,MU94,,,Jaume Munar,R,183,ESP,29.248,43,1050,W/O,3,R64,74,4,4,55,27,25,16,10,1,1,4,1,51,33,27,7,9,4,6
2026-421,Canada Masters,Hard,96,M,O,20260804,24,M0N7,,,Daniel Merida,R,188,ESP,21.854,296,174,D0DP,,,Liam Draxl,R,185,CAN,24.663,246,231,3-6 6-4 6-4,3,R128,155,1,6,116,75,42,20,14,12,17,1,1,88,53,36,15,15,2,8
2026-421,Canada Masters,Hard,96,M,O,20260804,25,F0BY,,Q,Jacob Fearnley,R,183,GBR,25.054,86,657,ME82,,,Adrian Mannarino,L,180,FRA,38.097,73,744,7-6(3) 6-4,3,R128,113,6,7,64,32,25,16,11,2,5,2,7,77,35,26,18,11,5,9
2026-421,Canada Masters,Hard,96,M,O,20260804,26,P09Z,,Q,Alexei Popyrin,R,196,AUS,26.998,25,1840,B0FV,,,Roman Andres Burruchaga,R,183,ARG,24.528,152,382,4-6 7-5 6-3,3,R128,132,16,2,92,65,47,18,16,4,6,8,5,81,45,33,20,15,4,7
2026-421,Canada Masters,Hard,96,M,O,20260804,27,R0EB,,,Valentin Royer,R,188,FRA,25.183,203,281,CD85,,,Pablo Carreno Busta,R,188,ESP,35.064,184,317,1-6 7-5 6-2,3,R128,136,4,7,93,51,36,21,14,5,8,4,4,97,58,44,13,13,4,7
2026-421,Canada Masters,Hard,96,M,O,20260804,28,S0K7,,,Zachary Svajda,R,175,USA,23.68,165,352,SU55,,,Denis Shapovalov,L,185,CAN,27.305,58,981,4-6 6-4 3-0 RET,3,R128,100,0,2,67,44,33,12,12,1,3,3,3,71,36,26,16,11,6,9
2026-421,Canada Masters,Hard,96,M,O,20260805,29,N0AE,28,,Brandon Nakashima,R,188,USA,25.005,31,1510,AE14,,,Daniel Altmaier,R,188,GER,27.896,93,625,6-2 6-1,3,R64,63,6,1,41,26,24,9,8,3,3,2,3,52,34,18,7,7,3,7
2026-421,Canada Masters,Hard,96,M,O,20260805,30,L0BV,8,,Jiri Lehecka,R,185,CZE,24.739,12,2380,KI82,,,Vit Kopriva,R,178,CZE,29.139,125,478,6-4 6-2,3,R64,81,6,2,53,35,30,8,9,2,2,2,2,63,37,21,15,9,4,7
2026-421,Canada Masters,Hard,96,M,O,20260805,31,S0RE,,PR,Juncheng Shang,L,180,CHN,21.503,270,205,RE44,10,,Andrey Rublev,R,188,RUS,28.791,16,2230,7-5 4-6 7-6(5),3,R64,164,5,3,126,76,43,36,17,11,15,12,8,111,60,41,26,17,3,7
2026-421,Canada Masters,Hard,96,M,O,20260805,32,A0GC,,,Terence Atmane,L,193,FRA,24.569,46,1007,D0CO,,WC,Jack Draper,L,193,GBR,24.619,143,410,6-3 2-6 6-2,3,R128,111,9,6,88,49,36,19,13,7,9,5,2,67,34,22,21,12,1,4
2026-421,Canada Masters,Hard,96,M,O,20260805,33,C0C8,,,Juan Manuel Cerundolo,L,183,ARG,24.72,52,989,M0JF,,,Hamad Medjedovic,R,188,SRB,23.05,73,844,6-4 6-2,3,R128,76,13,1,54,30,27,13,9,2,2,6,3,54,38,27,6,9,4,7
2026-421,Canada Masters,Hard,96,M,O,20260805,34,GJ37,,,Tallon Griekspoor,R,188,NED,30.092,69,885,SU87,,,Lorenzo Sonego,R,191,ITA,31.236,88,718,7-6(5) 7-5,3,R128,110,5,3,71,44,33,19,12,1,2,9,4,76,50,36,14,12,4,6
2026-421,Canada Masters,Hard,96,M,O,20260805,35,M0CI,,,Fabian Marozsan,R,193,HUN,26.825,61,930,M0HU,,Q,Shintaro Mochizuki,R,175,JPN,23.176,117,547,6-4 6-3,3,R128,79,1,2,60,35,23,15,10,3,5,0,4,56,24,14,15,9,4,8
2026-421,Canada Masters,Hard,96,M,O,20260805,36,V812,,,Botic van de Zandschulp,R,191,NED,30.836,70,882,M0GZ,,,Giovanni Mpetshi Perricard,R,203,FRA,23.077,91,690,6-2 3-6 6-3,3,R128,114,3,8,91,57,43,16,13,6,7,13,6,84,55,39,13,13,3,6
2026-421,Canada Masters,Hard,96,M,O,20260805,37,D0FJ,19,,Luciano Darderi,R,183,ITA,24.471,22,2025,D0F6,,,Gabriel Diallo,R,203,CAN,24.862,87,646,6-4 2-3 RET,3,R64,63,2,1,38,22,18,11,7,0,0,5,4,45,27,21,10,8,0,1
2026-421,Canada Masters,Hard,96,M,O,20260805,38,DH58,3,,Alex de Minaur,R,183,AUS,27.463,7,3560,D994,,,James Duckworth,R,183,AUS,34.538,94,624,6-2 7-6(6),3,R64,106,2,3,74,40,27,23,10,5,6,7,3,79,37,26,18,10,5,8
2026-421,Canada Masters,Hard,96,M,O,20260805,39,TD51,15,,Frances Tiafoe,R,188,USA,28.539,20,2105,C977,,,Marin Cilic,R,198,CRO,37.851,182,323,5-7 6-2 6-2,3,R64,136,9,2,77,49,41,16,14,5,6,9,4,102,66,48,12,14,3,7
2026-421,Canada Masters,Hard,96,M,O,20260805,40,H997,,,Yannick Hanfmann,R,193,GER,34.727,98,615,C0E9,6,,Flavio Cobolli,R,183,ITA,24.249,9,3330,7-6(5) 7-6(2),3,R64,129,3,3,93,56,37,17,12,6,10,7,4,88,56,33,16,12,8,12
2026-421,Canada Masters,Hard,96,M,O,20260805,41,M0EJ,11,,Lorenzo Musetti,R,185,ITA,24.424,13,2375,M0AW,,Q,Nicolas Mejia,R,183,COL,26.48,223,260,7-6(8) 6-2,3,R64,127,3,1,66,45,33,15,10,1,1,3,3,81,46,33,17,10,10,12
2026-421,Canada Masters,Hard,96,M,O,20260805,42,N0BS,,,Mariano Navone,R,178,ARG,25.435,46,1148,VA25,14,,Valentin Vacherot,R,193,MON,27.718,18,2176,1-6 6-3 6-3,3,R64,124,2,3,78,55,35,13,12,4,7,7,4,81,51,32,15,13,3,7
2026-421,Canada Masters,Hard,96,M,O,20260805,43,F0FV,22,,Joao Fonseca,R,188,BRA,19.956,27,1700,TE51,,Q,Stefanos Tsitsipas,R,193,GRE,27.981,11,3195,7-6(3) 7-5,3,R64,110,8,2,71,47,39,11,12,3,5,7,4,79,44,30,18,12,0,3
2026-421,Canada Masters,Hard,96,M,O,20260805,44,BT72,,,Nuno Borges,R,185,POR,29.457,36,1370,EA24,26,,Tomas Martin Etcheverry,R,196,ARG,27.05,30,1510,6-4 6-2,3,R64,102,8,2,52,35,29,10,9,2,2,2,4,80,53,31,13,9,11,14
2026-421,Canada Masters,Hard,96,M,O,20260805,45,BU13,31,,Zizou Bergs,R,185,BEL,27.173,34,1340,B0BI,,,Sebastian Baez,R,170,ARG,25.602,28,1690,3-6 6-3 6-2,3,R64,110,7,4,66,37,30,17,13,0,2,1,4,90,59,35,17,13,8,12
2026-421,Canada Masters,Hard,96,M,O,20260805,46,S0S1,5,,Ben Shelton,L,193,USA,23.822,10,2680,B0CD,,,Jenson Brooksby,R,193,USA,25.774,1091,10,6-3 7-5,3,R64,96,3,4,61,40,30,13,11,2,3,1,0,66,44,27,14,10,6,9
2026-421,Canada Masters,Hard,96,M,O,20260805,47,RH16,9,,Casper Ruud,R,183,NOR,27.619,14,2345,C0C8,,,Juan Manuel Cerundolo,L,183,ARG,24.72,52,989,6-1 6-2,3,R64,59,2,5,45,28,23,10,8,0,0,0,3,36,15,9,7,7,1,5
2026-421,Canada Masters,Hard,96,M,O,20260805,48,N771,,,Cameron Norrie,L,188,GBR,30.951,48,1124,B0ID,29,,Ignacio Buse,R,183,PER,22.363,33,1350,6-3 6-3,3,R64,88,3,4,51,35,25,9,9,3,4,2,2,61,26,16,16,9,7,11
2026-421,Canada Masters,Hard,96,M,O,20260805,49,HB71,,,Hubert Hurkacz,R,196,POL,29.478,18,2555,TE30,25,,Alejandro Tabilo,L,188,CHI,29.175,26,1728,6-4 7-6(4),3,R64,96,14,3,71,43,34,14,11,4,6,4,5,70,42,28,15,11,4,7
2026-421,Canada Masters,Hard,96,M,O,20260805,50,T0A1,,,Thiago Agustin Tirante,R,185,ARG,25.32,115,515,FB98,7,,Taylor Fritz,R,196,USA,28.769,8,3400,7-5 6-3,3,R64,88,9,2,53,26,25,18,10,4,4,4,1,73,40,25,18,11,3,6
2026-421,Canada Masters,Hard,96,M,O,20260805,51,F0F1,18,,Arthur Fils,R,185,FRA,22.146,24,1940,S0K7,,,Zachary Svajda,R,175,USA,23.682,165,352,6-4 3-6 6-1,3,R64,98,12,5,77,48,39,11,13,5,8,4,3,83,45,30,14,13,3,8
2026-421,Canada Masters,Hard,96,M,O,20260805,52,RC91,23,,Arthur Rinderknech,R,196,FRA,31.036,29,1623,KI95,,,Miomir Kecmanovic,R,183,SRB,26.93,55,1021,6-7(5) 6-4 6-4,3,R64,173,21,9,117,64,50,24,16,12,14,3,7,110,63,46,22,16,7,11
2026-421,Canada Masters,Hard,96,M,O,20260806,53,M0N7,,,Daniel Merida,R,188,ESP,21.859,296,174,HH26,24,,Ugo Humbert,L,188,FRA,28.112,28,1625,6-3 6-3,3,R64,92,4,4,55,39,29,7,9,1,2,4,7,79,43,30,13,9,9,13
2026-421,Canada Masters,Hard,96,M,O,20260806,54,GJ37,,,Tallon Griekspoor,R,188,NED,30.094,69,885,Z355,1,,Alexander Zverev,R,198,GER,29.295,3,8120,6-7(3) 6-2 6-4,3,R64,154,8,2,80,55,45,15,15,0,1,10,4,94,65,46,12,15,5,9
2026-421,Canada Masters,Hard,96,M,O,20260806,55,M0NI,13,,Jakub Mensik,R,196,CZE,20.928,17,2205,F0BY,,Q,Jacob Fearnley,R,183,GBR,25.06,86,657,6-3 3-6 6-3,3,R64,127,9,2,88,44,34,23,14,6,9,5,3,87,53,36,15,13,5,9
2026-421,Canada Masters,Hard,96,M,O,20260806,56,M0QI,,,Alex Michelsen,R,193,USA,21.947,41,1245,C0AU,16,,Francisco Cerundolo,R,185,ARG,27.981,23,2010,6-3 6-4,3,R64,88,3,3,69,36,24,23,10,9,9,6,1,54,31,24,9,9,4,6
2026-421,Canada Masters,Hard,96,M,O,20260806,57,J0DZ,20,,Rafael Jodar,R,191,ESP,19.885,15,2243,MW02,,,Corentin Moutet,L,180,FRA,27.299,69,772,4-6 6-1 6-3,3,R64,137,1,6,95,52,32,23,13,5,8,4,2,71,44,23,15,13,1,7
2026-421,Canada Masters,Hard,96,M,O,20260806,58,A0GC,,,Terence Atmane,L,193,FRA,24.572,46,1007,KE29,21,,Karen Khachanov,R,198,RUS,30.209,39,1130,6-4 7-6(3),3,R64,107,7,3,73,48,38,13,11,2,3,5,1,72,37,30,16,11,5,7
2026-421,Canada Masters,Hard,96,M,O,20260806,59,A0FC,30,,Matteo Arnaldi,R,185,ITA,25.451,35,1299,M0CI,,,Fabian Marozsan,R,193,HUN,26.828,61,930,7-5 2-6 6-4,3,R64,126,5,7,83,41,32,20,15,2,5,4,2,85,54,38,20,15,5,8
2026-421,Canada Masters,Hard,96,M,O,20260806,60,P09Z,,Q,Alexei Popyrin,R,196,AUS,27.003,25,1840,C0JP,32,,Raphael Collignon,R,191,BEL,24.561,38,1234,6-4 6-3,3,R64,74,10,3,49,32,27,11,9,0,0,7,2,65,38,23,16,10,6,9
2026-421,Canada Masters,Hard,96,M,O,20260806,61,V812,,,Botic van de Zandschulp,R,191,NED,30.839,70,882,MM58,4,,Daniil Medvedev,R,198,RUS,30.483,6,3620,6-3 7-6(5),3,R64,99,0,4,68,39,19,17,10,4,8,3,9,68,38,25,6,11,2,8
2026-421,Canada Masters,Hard,96,M,O,20260806,62,T0HA,12,,Learner Tien,L,180,USA,20.676,19,2155,MC65,,WC,Gael Monfils,R,193,FRA,39.929,52,1030,6-3 0-6 6-3,3,R64,122,3,5,94,60,37,16,12,9,13,3,6,87,37,25,25,12,6,10
2026-421,Canada Masters,Hard,96,M,O,20260806,63,PL56,17,,Tommy Paul,R,185,USA,29.221,21,2075,R0EB,,,Valentin Royer,R,188,FRA,25.188,203,281,6-4 7-6(5),3,R64,124,7,4,89,54,40,17,11,8,9,4,7,88,49,34,19,11,3,5
2026-421,Canada Masters,Hard,96,M,O,20260806,64,D0DW,,Q,Titouan Droguet,R,191,FRA,25.142,185,314,F0F2,,,Jaime Faria,R,188,POR,23.001,79,760,7-6(2) 6-2,3,R64,112,6,3,74,41,30,20,10,4,6,6,10,95,43,28,22,10,7,11
2026-421,Canada Masters,Hard,96,M,O,20260806,65,F0F1,18,,Arthur Fils,R,185,FRA,22.149,24,1940,N0BS,,,Mariano Navone,R,178,ARG,25.437,46,1148,6-3 6-2,3,R32,79,4,1,49,32,29,9,9,0,0,1,2,63,43,25,10,8,4,7
2026-421,Canada Masters,Hard,96,M,O,20260807,66,N771,,,Cameron Norrie,L,188,GBR,30.957,48,1124,DH58,3,,Alex de Minaur,R,183,AUS,27.469,7,3560,5-7 7-6(5) 6-1,3,R32,172,7,3,111,59,41,22,15,8,13,3,5,102,53,36,18,16,3,10
2026-421,Canada Masters,Hard,96,M,O,20260807,67,L0BV,8,,Jiri Lehecka,R,185,CZE,24.745,12,2380,B0PG,27,,Alexander Blockx,R,193,BEL,21.331,205,280,6-3 6-4,3,R32,89,2,2,54,30,26,14,10,0,0,10,7,73,39,29,14,9,5,7
2026-421,Canada Masters,Hard,96,M,O,20260807,68,D0FJ,19,,Luciano Darderi,R,183,ITA,24.476,22,2025,S0RE,,PR,Juncheng Shang,L,180,CHN,21.509,270,205,4-6 6-1 6-4,3,R32,118,8,3,77,44,37,14,14,1,3,4,3,86,56,34,16,13,8,12
2026-421,Canada Masters,Hard,96,M,O,20260807,69,BT72,,,Nuno Borges,R,185,POR,29.462,36,1370,H997,,,Yannick Hanfmann,R,193,GER,34.732,98,615,6-4 6-2,3,R32,73,2,4,49,28,25,11,9,0,0,8,4,57,34,26,5,9,2,5
2026-421,Canada Masters,Hard,96,M,O,20260807,70,J0DZ,20,,Rafael Jodar,R,191,ESP,19.888,15,2243,M0EJ,11,,Lorenzo Musetti,R,185,ITA,24.43,13,2375,6-4 6-3,3,R32,95,0,2,52,38,27,4,9,2,5,1,4,68,41,20,10,10,5,11
2026-421,Canada Masters,Hard,96,M,O,20260807,71,N0AE,28,,Brandon Nakashima,R,188,USA,25.01,31,1510,D0DW,,Q,Titouan Droguet,R,191,FRA,25.144,185,314,4-6 6-2 7-5,3,R32,151,5,1,77,45,38,20,15,4,6,10,5,118,64,46,22,15,11,15
2026-421,Canada Masters,Hard,96,M,O,20260807,72,RC91,23,,Arthur Rinderknech,R,196,FRA,31.042,29,1623,TD51,15,,Frances Tiafoe,R,188,USA,28.545,20,2105,6-2 2-0 RET,3,R32,57,5,1,24,17,16,4,5,0,0,0,2,50,20,10,14,5,9,12
2026-421,Canada Masters,Hard,96,M,O,202s60807,73,GJ37,,,Tallon Griekspoor,R,188,NED,30.097,69,885,A0FC,30,,Matteo Arnaldi,R,185,ITA,25.454,35,1299,3-6 6-4 6-3,3,R32,133,4,5,77,43,32,17,14,1,5,10,4,76,40,31,15,14,4,9
2026-421,Canada Masters,Hard,96,M,O,20260807,74,M0N7,,,Daniel Merida,R,188,ESP,21.862,296,174,M0QI,,,Alex Michelsen,R,193,USA,21.949,41,1245,6-4 6-7(4) 6-1,3,R32,133,6,3,93,55,44,16,15,4,6,2,3,97,59,42,13,14,7,12
2026-421,Canada Masters,Hard,96,M,O,20260808,75,T0A1,,,Thiago Agustin Tirante,R,185,ARG,25.328,115,515,P09Z,,Q,Alexei Popyrin,R,196,AUS,27.009,25,1840,6-3 6-4,3,R32,76,9,2,51,27,22,18,10,0,0,3,2,56,32,21,15,9,1,3
2026-421,Canada Masters,Hard,96,M,O,20260808,76,S0S1,5,,Ben Shelton,L,193,USA,23.83,10,2680,BU13,31,,Zizou Bergs,R,185,BEL,27.181,34,1340,6-3 6-2,3,R32,64,8,0,43,30,26,10,9,0,0,5,4,44,20,17,11,8,2,5
2026-421,Canada Masters,Hard,96,M,O,20260808,77,F0FV,22,,Joao Fonseca,R,188,BRA,19.964,27,1700,RH16,9,,Casper Ruud,R,183,NOR,27.628,14,2345,7-6(6) 6-3,3,R32,114,5,2,78,50,36,15,11,6,7,3,7,65,37,25,16,10,1,3
2026-421,Canada Masters,Hard,96,M,O,20260808,78,M0NI,13,,Jakub Mensik,R,196,CZE,20.934,17,2205,A0GC,,,Terence Atmane,L,193,FRA,24.578,46,1007,7-5 6-4,3,R32,101,3,2,67,43,38,10,11,1,1,11,5,70,43,33,10,11,8,10
2026-421,Canada Masters,Hard,96,M,O,20260808,79,V812,,,Botic van de Zandschulp,R,191,NED,30.845,70,882,HB71,,PR,Hubert Hurkacz,R,196,POL,29.487,18,2555,3-6 7-6(4) 7-5,3,R32,164,4,5,98,58,38,23,16,2,5,10,10,114,65,51,21,17,5,8
2026-421,Canada Masters,Hard,96,M,O,20260808,80,D0FJ,19,,Luciano Darderi,R,183,ITA,24.479,22,2025,BT72,,,Nuno Borges,R,185,POR,29.465,36,1370,4-6 6-3 7-5,3,R16,142,4,1,100,60,44,21,16,5,7,17,6,91,62,50,10,15,4,7
2026-421,Canada Masters,Hard,96,M,O,20260808,81,T0HA,12,,Learner Tien,L,180,USA,20.682,19,2155,PL56,17,,Tommy Paul,R,185,USA,29.227,21,2075,6-3 6-2,3,R32,78,0,3,55,37,26,7,8,3,5,4,1,54,32,18,9,9,6,12
2026-421,Canada Masters,Hard,96,M,O,20260809,82,N0AE,28,,Brandon Nakashima,R,188,USA,25.016,31,1510,RC91,23,,Arthur Rinderknech,R,196,FRA,31.047,29,1623,7-6(4) 5-7 7-5,3,R16,171,16,2,107,69,51,21,18,2,5,17,6,114,74,59,17,18,6,9
2026-421,Canada Masters,Hard,96,M,O,20260809,83,J0DZ,20,,Rafael Jodar,R,191,ESP,19.893,15,2243,L0BV,8,,Jiri Lehecka,R,185,CZE,24.75,12,2380,6-3 6-3,3,R16,74,2,2,52,28,24,13,9,2,3,3,2,57,32,19,11,9,3,7
2026-421,Canada Masters,Hard,96,M,O,20260809,84,F0F1,18,,Arthur Fils,R,185,FRA,22.157,24,1940,N771,,,Cameron Norrie,L,188,GBR,30.962,48,1124,6-2 7-6(8),3,R16,103,5,3,75,50,39,15,10,4,4,4,3,71,40,29,15,10,6,8
2026-421,Canada Masters,Hard,96,M,O,20260809,85,T0HA,12,,Learner Tien,L,180,USA,20.684,19,2155,T0A1,,,Thiago Agustin Tirante,R,185,ARG,25.331,115,515,6-4 6-4,3,R16,109,2,1,80,59,37,9,10,8,10,7,1,67,36,23,13,10,8,12
2026-421,Canada Masters,Hard,96,M,O,20260809,86,M0N7,,,Daniel Merida,R,188,ESP,21.867,296,174,GJ37,,,Tallon Griekspoor,R,188,NED,30.103,69,885,6-3 6-1,3,R16,69,3,1,45,30,25,10,8,2,2,3,6,53,30,17,10,8,4,8
2026-421,Canada Masters,Hard,96,M,O,20260810,87,S0S1,5,,Ben Shelton,L,193,USA,23.836,10,2680,F0FV,22,,Joao Fonseca,R,188,BRA,19.97,27,1700,6-3 7-6(3),3,R16,108,5,1,63,45,35,12,11,3,5,0,3,83,53,31,16,10,3,6
2026-421,Canada Masters,Hard,96,M,O,20260810,88,M0NI,13,,Jakub Mensik,R,196,CZE,20.939,17,2205,V812,,,Botic van de Zandschulp,R,191,NED,30.85,70,882,6-4 7-5,3,R16,89,13,2,63,42,34,10,11,1,2,1,2,66,45,31,9,11,1,4
2026-421,Canada Masters,Hard,96,M,O,20260811,89,N0AE,28,,Brandon Nakashima,R,188,USA,25.021,31,1510,D0FJ,19,,Luciano Darderi,R,183,ITA,24.487,22,2025,6-2 6-3,3,QF,77,11,1,60,36,30,12,9,4,4,2,6,54,36,25,5,8,5,8
2026-421,Canada Masters,Hard,96,1000,O,20260811,90,J0DZ,20,,Rafael Jodar,R,191,ESP,19.899,15,2243,F0F1,18,,Arthur Fils,R,185,FRA,22.163,24,1940,7-6(5) 6-3,3,QF,102,3,1,76,51,37,11,10,2,4,7,1,76,44,29,16,11,8,12
2026-421,Canada Masters,Hard,96,1000,O,20260812,91,S0S1,5,,Ben Shelton,L,193,USA,23.841,10,2680,M0NI,13,,Jakub Mensik,R,196,CZE,20.945,17,2205,6-3 6-1,3,QF,72,1,1,44,28,25,8,8,0,0,1,3,53,33,21,5,8,2,6
2026-421,Canada Masters,Hard,96,1000,O,20260812,92,T0HA,12,,Learner Tien,L,180,USA,20.693,19,2155,M0N7,,,Daniel Merida,R,188,ESP,21.875,296,174,6-3 6-2,3,QF,72,0,0,52,38,27,9,9,2,3,0,1,55,34,18,9,8,4,8
2026-421,Canada Masters,Hard,96,1000,O,20260813,93,N0AE,28,,Brandon Nakashima,R,188,USA,25.027,31,1510,J0DZ,20,,Rafael Jodar,R,191,ESP,19.904,15,2243,7-6(3) 6-4,3,SF,122,6,0,77,48,39,18,11,6,6,4,5,96,57,39,20,11,10,11
2026-421,Canada Masters,Hard,96,1000,O,20260813,94,S0S1,5,,Ben Shelton,L,193,USA,23.844,10,2680,T0HA,12,,Learner Tien,L,180,USA,20.695,19,2155,6-2 6-3,3,SF,84,5,1,58,43,35,6,9,4,4,1,5,50,29,16,11,8,2,5
